<?xml version='1.0' encoding='UTF-8'?>
<config>
    <Storage>
        <Product>V3</Product>
        <Protocol>iSCSI</Protocol>
        <RestURL>https://172.16.0.101:8088/deviceManager/rest/; https://172.16.0.102:8088/deviceManager/rest/</RestURL>
        <UserName>!$$$YWRtaW4=</UserName>
        <UserPassword>!$$$YmFpaG9uZ3NvZnRfTVohQA==</UserPassword>
    </Storage>
    <LUN>
        <LUNType>Thick</LUNType>
        <WriteType>1</WriteType>
        <Prefetch Type="3" Value="0" />
        <StoragePool>StoragePool001</StoragePool>
    </LUN>
    <iSCSI>
        <Initiator Name="iqn.1994-05.com.redhat:689373727af1" TargetPortGroup="PortGroup001" />
        <Initiator Name="iqn.1994-05.com.redhat:354c2443a2d" TargetPortGroup="PortGroup001" />
        <Initiator Name="iqn.1994-05.com.redhat:d4d8ed4bfb3f" TargetPortGroup="PortGroup001" />
        <Initiator Name="iqn.1994-05.com.redhat:77106a4ba42a" TargetPortGroup="PortGroup001" />
        <Initiator Name="iqn.1994-05.com.redhat:42e85c11ca8a" TargetPortGroup="PortGroup001" />
        <Initiator Name="iqn.1994-05.com.redhat:c1ed969a75cc" TargetPortGroup="PortGroup001" />
        <Initiator Name="iqn.1994-05.com.redhat:782dc3dd613" TargetPortGroup="PortGroup001" />
        <Initiator Name="iqn.1994-05.com.redhat:672e90b9f9b6" TargetPortGroup="PortGroup001" />
        <Initiator Name="iqn.1994-05.com.redhat:565412b726fb" TargetPortGroup="PortGroup001" />
        <Initiator Name="iqn.1994-05.com.redhat:44e13ab31a3a" TargetPortGroup="PortGroup001" />
        <Initiator Name="iqn.1994-05.com.redhat:fd79347ac6" TargetPortGroup="PortGroup001" />
        <Initiator Name="iqn.1994-05.com.redhat:143c2e14fa" TargetPortGroup="PortGroup001" />
        <Initiator Name="iqn.1994-05.com.redhat:926b34271444" TargetPortGroup="PortGroup001" />
        <Initiator Name="iqn.1994-05.com.redhat:b5a315969d57" TargetPortGroup="PortGroup001" />
        <Initiator Name="iqn.1994-05.com.redhat:b5f431b22d4a" TargetPortGroup="PortGroup001" />
        <Initiator Name="iqn.1994-05.com.redhat:c5a7b31576ce" TargetPortGroup="PortGroup001" />
        <Initiator Name="iqn.1994-05.com.redhat:f3a293db6c35" TargetPortGroup="PortGroup001" />
        <Initiator Name="iqn.1994-05.com.redhat:fa9e79416a96" TargetPortGroup="PortGroup001" />
        <Initiator Name="iqn.1994-05.com.redhat:12fa7664c8c4" TargetPortGroup="PortGroup001" />
        <Initiator Name="iqn.1994-05.com.redhat:e78c5fe04f74" TargetPortGroup="PortGroup001" />
        <Initiator Name="iqn.1994-05.com.redhat:2055fb7a771d" TargetPortGroup="PortGroup001" />
        <Initiator Name="iqn.1994-05.com.redhat:73eeb7b8469e" TargetPortGroup="PortGroup001" />
        <Initiator Name="iqn.1994-05.com.redhat:d84cfea44eec" TargetPortGroup="PortGroup001" />
        <Initiator Name="iqn.1994-05.com.redhat:cae54850a245" TargetPortGroup="PortGroup001" />
        <Initiator Name="iqn.1994-05.com.redhat:af483a5870ce" TargetPortGroup="PortGroup001" />
        <Initiator Name="iqn.1994-05.com.redhat:c82cccab4d7c" TargetPortGroup="PortGroup001" />
        <Initiator Name="iqn.1994-05.com.redhat:73fe3bfce016" TargetPortGroup="PortGroup001" />
        <Initiator Name="iqn.1994-05.com.redhat:c7cbdd12cdf3" TargetPortGroup="PortGroup001" />
        <Initiator Name="iqn.1994-05.com.redhat:97a05019ab86" TargetPortGroup="PortGroup001" />
        <Initiator Name="iqn.1994-05.com.redhat:71c792b64d14" TargetPortGroup="PortGroup001" />
    </iSCSI>
</config>
