<?xml version='1.0' encoding='UTF-8'?>
<config>
    <Storage>
        <Product>V3</Product>
        <Protocol>iSCSI</Protocol>
        <RestURL>https://controller:8088/deviceManager/rest/; https://standby:8088/deviceManager/rest/</RestURL>
        <UserName>root=</UserName>
        <UserPassword>123qwe</UserPassword>
    </Storage>
    <LUN>
        <LUNType>Thick</LUNType>
        <WriteType>1</WriteType>
        <Prefetch Type="3" Value="0" />
        <StoragePool>StoragePool</StoragePool>
    </LUN>
    <iSCSI>
        <Initiator Name="initiatorname.iscsi" TargetPortGroup="PortGroup" />
        <Initiator Name="initiatorname.iscsi" TargetPortGroup="PortGroup" />
    </iSCSI>
</config>
